clean,perturbed
be careful who you call a moron,be careful who you call a mor0n
you sir are an imbecile and a pervert,you sir are an imbecile and a pe*vert
you sir are an imbecile and a pervert,you sir are an imbecile and a pervvvvvvvert
that was a good edit the polar bear is gay,that was a good edit the polar bear is g@y
that was a good edit the polar bear is gay,that was a good edit the polar bear is *ay
when the funeral comes i will be the only one their and i will only be their to piss on your grave,when the funeral comes i will be the only one their and i will only be their to PIs on your grave
when the funeral comes i will be the only one their and i will only be their to piss on your grave,when the funeral comes i will be the only one their and i will only be their to pis on your grave
i had enough of you bastard,i had enough of you b@stard
i had enough of you bastard,i had enough of you bas+ard
whats wrong with you go kill yourself you vile creature,whats wrong with you go KIL yourself you vile creature
whats wrong with you go kill yourself you vile creature,whats wrong with you go ki11 yourself you vile creature
and luke stay out son of a bitch,and luke stay out son of a b!tch
and luke stay out son of a bitch,and luke stay out son of a biiiitch
why are you still here can you not find anything more important to do like killing yourself,why are you still here can you not find anything more importantant to do like killing yourself
the biggest dick licker on the planet earth,the biggest ԁick licker on the planet earth
this idiot graceful slick needs a friend to touch his no no spot,this IDIOOOOT graceful slick needs a friend to touch his no no spot
something you really really need to get that bug out of your ass,something you really really need to get that bug out of your aaaaaaass
something you really really need to get that bug out of your ass,something you really really need to get that bug out of your As
i am going to hack your dick account,i am going to hack your ԁick account
you are still very gay,you are still very 6ay
you are still very gay,you are still very g4y
will live forever if you dont respect the you will die you pathetic fool,will live forever if you dont respect the you will die you pathetic Fol
will live forever if you dont respect the you will die you pathetic fool,will live forever if you dont respect the you will die you pathetic FoL
it would if you translate it instead of posting some crap most people cannot read,it would if you translate it instead of posting some CRAPPP most people cannot read
it would if you translate it instead of posting some crap most people cannot read,it would if you translate it instead of posting some crappp most people cannot read
and also admit being dick that time,and also admit being DICKKKK that time
and also admit being dick that time,and also admit being ԁick that time
call me out for being a queer,call me out for being a qqqqqueer
call me out for being a queer,call me out for being a Quer
i am going to kill you i am going to murder you,i am going to ki11 you i am going to murder you
i am going to kill you i am going to murder you,i am going to k!ll you i am going to murder you
my band is perfectly appropriate bitch,my band is perfectly appropriate b¡tch
my band is perfectly appropriate bitch,my band is perfectly appropriate BIIIITCH
go and complain me looser and cry,go and complain me LOOSR and cry
go and complain me looser and cry,go and complain me loooserrr and cry
nothing wrong with being a fag,nothing wrong with being a f*g
nothing wrong with being a fag,nothing wrong with being a faag
i am going to call the police son of a bitch,i am going to call the police son of a bi+ch
dude this guy is so gay,dude this guy is so gayyyy
dude this guy is so gay,dude this guy is so GAYYYY
is a nigger,is a ni66er
is a nigger,is a ni**er
are you gay sound like it,are you gayyyy sound like it
are you gay sound like it,are you Gayyyy sound like it
maybe its because you are a gay,maybe its because you are a gayyyy
maybe its because you are a gay,maybe its because you are a ga¥
come on block me you bitch,come on block me you bitttch
come on block me you bitch,come on block me you BIIIITCH
i was not trolling i was suggesting that he was racist,i was not trolling i was suggesting that he was r4cist
i was not trolling i was suggesting that he was racist,i was not trolling i was suggesting that he was racisssst
you really need to kill yourself,you really need to KIL yourself
stick it right up ur ass,stick it right up ur aƽƽ
stick it right up ur ass,stick it right up ur assssssssssssss
dont act like a dumb bot friend,dont act like a DUMBBBB bot friend
please take your promotional edit elsewhere idiot,please take your promotional edit elsewhere idiotttt
please take your promotional edit elsewhere idiot,please take your promotional edit elsewhere id!ot
you idiotic dung whore,you idiotic dung ωhore
you idiotic dung whore,you idiotic dung wh0re
please edit this page with crap,please edit this page with CRP
perhaps perhaps che was a pig,perhaps perhaps che was a PIGGG
perhaps perhaps che was a pig,perhaps perhaps che was a p1g
yeah for real stupid,yeah for real stup!d
yeah for real stupid,yeah for real Stuuupidd
a bastard,a b4stard
a bastard,a b@stard
donkey and to me it felt great,ԁonkey and to me it felt great
insult me once more and i swear you go down understand little coward,insult me once more and i swear you go down understand little coωard
insult me once more and i swear you go down understand little coward,insult me once more and i swear you go down understand little c0ward
because he is a fagot,because he is a FAGGOT
because he is a fagot,because he is a fag0t
you dont even clean your ass when you poop nice try,you dont even clean your a$$ when you poop nice try
you dont even clean your ass when you poop nice try,you dont even clean your @ss when you poop nice try
ill photo shop a dick in his illuminati mouth,ill photo shop a dicckkk in his illuminati mouth
ill photo shop a dick in his illuminati mouth,ill photo shop a d!ck in his illuminati mouth
awesome as fu,awesome as ƒu
awesome as fu,awesome as fµ
oh i yeah i feel like an ass now,oh i yeah i feel like an aaaaass now
oh i yeah i feel like an ass now,oh i yeah i feel like an a55 now
ask your mother,ask your m0ther
i was unaware but you may note you can go to hell,i was unaware but you may note you can go to h3ll
i was unaware but you may note you can go to hell,i was unaware but you may note you can go to helllll
of course its also possible that you are in fact just a dick,of course its also possible that you are in fact just a ԁick
of course its also possible that you are in fact just a dick,of course its also possible that you are in fact just a d*ck
delete the page and shut up,delete the page and shu+ up
delete the page and shut up,delete the page and shµt up
and youve proved you have zero semblance of a life yet again,and youve proved you have zero semblance of a liƒe yet again
and youve proved you have zero semblance of a life yet again,and youve proved you have zero semblance of a 1ife yet again
dont try to spook me you dick,dont try to spook me you d¡ck
dont try to spook me you dick,dont try to spook me you d!ck
dick administrator the administrator should mind his own business,DiCkkkk administrator the administrator should mind his own business
dick administrator the administrator should mind his own business,d¡ck administrator the administrator should mind his own business
can you tell me why you are such a fag,can you tell me why you are such a ƒag
can you tell me why you are such a fag,can you tell me why you are such a FAGGG
i am and i suck large uncut penis like a pro,i am and i s*ck large uncut penis like a pro
i am and i suck large uncut penis like a pro,i am and i suckkkk large uncut penis like a pro
how about you shut up then,how about you $hut up then
how about you shut up then,how about you shuuutt up then
hello dude your mother is totally hot,hello duddeee your mother is totally hot
hello dude your mother is totally hot,hello ԁude your mother is totally hot
why are you such an idiot,why are you such an idi0t
why are you such an idiot,why are you such an idio+
you have no clue about what fine art is and i am sick of this,you have no clue about what fine art is and i am s1ck of this
you have no clue about what fine art is and i am sick of this,you have no clue about what fine art is and i am $ick of this
what we at toho kingdom rule shut up,what we at toho kingdom rule shuuutt up
mind telling me what the hell this is,mind telling me what the Hel this is
mind telling me what the hell this is,mind telling me what the hel this is
hey gay wad with no life,hey ga¥ wad with no life
hey gay wad with no life,hey GAYYYY wad with no life
i really wish we could crap by osmosis right now,i really wish we could crappp by osmosis right now
i really wish we could crap by osmosis right now,i really wish we could crp by osmosis right now
i dont agree with you slandering my name and calling me a liar your one happy son of a gun if you catch my drift,i dont agree with you slandering my name and calling me a 1iar your one happy son of a gun if you catch my drift
i dont agree with you slandering my name and calling me a liar your one happy son of a gun if you catch my drift,i dont agree with you slandering my name and calling me a li@r your one happy son of a gun if you catch my drift
why you a son of a b,why you a s0n of a b
why you a son of a b,why you a soη of a b
blah blah blah kiss my ass,blah blah blah kiss my a55
blah blah blah kiss my ass,blah blah blah kiss my aS
for an idiot such as yourself,for an idiotttt such as yourself
for an idiot such as yourself,for an id1ot such as yourself
now let me get back to eating pussy which i love more than life itself,now let me get back to eating pussy which i Looovee more than life itself
now let me get back to eating pussy which i love more than life itself,now let me get back to eating pussy which i l0ve more than life itself
king of the world and we will eat a dick,king of the world and we will eat a diiiiiick
king of the world and we will eat a dick,king of the world and we will eat a DICCKKK
wait you are female and black thats disconcerting,wait you are female and BLCK thats disconcerting
wait you are female and black thats disconcerting,wait you are female and bl@ck thats disconcerting
yeah the only more obvious case i can think of is the gay one from s club,yeah the only more obvious case i can think of is the 6ay one from s club
yeah the only more obvious case i can think of is the gay one from s club,yeah the only more obvious case i can think of is the gayyyy one from s club
its been fixed so shut up,its been fixed so shvt up
its been fixed so shut up,its been fixed so shuuutt up
i meant the entire reaction section is stupid dont know why i added international in there,i meant the entire reaction section is Stuuupidd dont know why i added international in there
i meant the entire reaction section is stupid dont know why i added international in there,i meant the entire reaction section is s+upid dont know why i added international in there
come on fag boy block me,come on FAGGG boy block me
come on fag boy block me,come on fa6 boy block me
go and such your dick,go and such your DICKKKK
go and such your dick,go and such your diiiick
you suck,you suuuck
you suck,you succck
your mother is illiterate,your mo+her is illiterate
your mother is illiterate,your m0ther is illiterate
stop being an idiot and actually look at the link that i have provided and if you look at you will see that these statistics are undeniably correct according to official government statistics you seem to be confused about the difference between an urban area and a metropolitan area,stop being an idioooot and actually look at the link that i have provided and if you look at you will see that these statistics are undeniably correct according to official government statistics you seem to be confused about the difference between an urban area and a metropolitan area
stop being an idiot and actually look at the link that i have provided and if you look at you will see that these statistics are undeniably correct according to official government statistics you seem to be confused about the difference between an urban area and a metropolitan area,stop being an idi0t and actually look at the link that i have provided and if you look at you will see that these statistics are undeniably correct according to official government statistics you seem to be confused about the difference between an urban area and a metropolitan area
mate you are pathetic stop it you are really irritating me,mate you are pathetic s+op it you are really irritating me
ur page is mine bitch,ur page is mine Biitttch
ur page is mine bitch,ur page is mine biiiitch
ill bet of what she did was rubbish,ill bet of what she did was rubb1sh
ill bet of what she did was rubbish,ill bet of what she did was rubb¡sh
i know you are racist just admit it,i know you are r@cist just admit it
i know you are racist just admit it,i know you are raci$t just admit it
why are you being such a jerk,why are you being such a j3rk
why are you being such a jerk,why are you being such a j€rk
august hey there you racist sack of feces,august hey there you racisssst sack of feces
please kill yourself,please ki11 yourself
please kill yourself,please KIL yourself
while you may be considered an alloy of idiot,while you may be considered an alloy of idiotttt
while you may be considered an alloy of idiot,while you may be considered an alloy of idddddiot
you be polite next time being a rude fag will get you know where,you be polite next time being a rudeeeeee fag will get you know where
you be polite next time being a rude fag will get you know where,you be polite next time being a rud€ fag will get you know where
oh my god you are a bitch holla,oh my god you are a b1tch holla
oh my god you are a bitch holla,oh my god you are a Biitttch holla
go and fall off a cliff and die you pathetic bastard,go and fall off a cliff and die you pathetic bas+ard
go and fall off a cliff and die you pathetic bastard,go and fall off a cliff and die you pathetic bastarddddd
wow are you some kind of moron,wow are you some kind of morrrrron
wow are you some kind of moron,wow are you some kind of Morn
to stick up your arse,to stiiiiiiick up your arse
to stick up your arse,to s+ick up your arse
hello alan hello allan hello go have gay sex,hello alan hello allan hello go have ga¥ sex
hello alan hello allan hello go have gay sex,hello alan hello allan hello go have GAYYYY sex
you really are a pretentious twat arent you,you really are a pretentious twattt arent you
you really are a pretentious twat arent you,you really are a pretentious tωat arent you
put on block for being a pagan,put on block for being a pagn
put on block for being a pagan,put on block for being a p4gan
i hope you die find a pit and jump into it,i hope you ԁie find a pit and jump into it
its gay i can do better,its 6ay i can do better
its gay i can do better,its Gayyyy i can do better
this guy is a sickening pervert,this guy is a sickening perv€rt
this guy is a sickening pervert,this guy is a sickening peruert
kind of a stupid response given the name of the article,kind of a STPD response given the name of the article
kind of a stupid response given the name of the article,kind of a stupiԁ response given the name of the article
what was flame are u stupid,what was flame are u stttttttupid
what was flame are u stupid,what was flame are u stvpid
i still think you are a tit,i still think you are a titt
i still think you are a tit,i still think you are a tiet
who are they to constitute what a war is or is not thats why that discussion on the military project page was stupid,who are they to constitute what a war is or is not thats why that discussion on the military project page was $tupid
who are they to constitute what a war is or is not thats why that discussion on the military project page was stupid,who are they to constitute what a war is or is not thats why that discussion on the military project page was stupppid
yeah but you suck at life,yeah but you svck at life
yeah but you suck at life,yeah but you suuck at life
ha all you proved was that you are a major jerk thanks for proving my point,ha all you proved was that you are a major j€rk thanks for proving my point
ha all you proved was that you are a major jerk thanks for proving my point,ha all you proved was that you are a major j3rk thanks for proving my point
why are you such a jerk,why are you such a jeeeeeeerk
why are you such a jerk,why are you such a j€rk
i agree this crazy bastard should be,i agree this crazy bastarԁ should be
i agree this crazy bastard should be,i agree this crazy bas+ard should be
thats no personal attack thats the truth he is an idiot,thats no personal attack thats the truth he is an idio+
thats no personal attack thats the truth he is an idiot,thats no personal attack thats the truth he is an idioooot
fine bitch that should get your attention,fine biiiitch that should get your attention
fine bitch that should get your attention,fine BIIIITCH that should get your attention
ill kill you all,ill Kil you all
ill kill you all,ill KILLL you all
shut up and leave me alone,shu+ up and leave me alone
shut up and leave me alone,shuuutt up and leave me alone
agreed he can go to hell i will keep this up for a few days though because its hilarious,agreed he can go to he11 i will keep this up for a few days though because its hilarious
agreed he can go to hell i will keep this up for a few days though because its hilarious,agreed he can go to HeL i will keep this up for a few days though because its hilarious
if you cant handle shut up you better crawl back into that womb my friend,if you cant handle sh*t up you better crawl back into that womb my friend
if you cant handle shut up you better crawl back into that womb my friend,if you cant handle shvt up you better crawl back into that womb my friend
hey cretin look up your history,hey cretiη look up your history
hey cretin look up your history,hey cretiiin look up your history
mojo hand is an idiot,mojo hand is an idddddddiot
mojo hand is an idiot,mojo hand is an id¡ot
what the hell are you on about,what the he11 are you on about
come on unblock me idiot i am telling the truth,come on unblock me 1diot i am telling the truth
come on unblock me idiot i am telling the truth,come on unblock me idddiot i am telling the truth
and we thank u cause the guy was a douche,and we Thaaannk u cause the guy was a douche
and we thank u cause the guy was a douche,and we thaaaank u cause the guy was a douche
yeah all you have to do is stop being such a bitch,yeah all you have to do is stop being such a b1tch
yeah all you have to do is stop being such a bitch,yeah all you have to do is stop being such a BIIIITCH
back off dont delete my question bitch,back off dont delete my question b!tch
back off dont delete my question bitch,back off dont delete my question bi+ch
your quite welcome you deserve it dog,your quite welcome you deserve it DOGGGG
your quite welcome you deserve it dog,your quite welcome you deserve it Doog
get a life,get a liiiife
get a life,get a LIFEEEE
piece of trash is inappropriate,piece of t*ash is inappropriate
piece of trash is inappropriate,piece of traaaash is inappropriate
p u suck,p u suuuuck
p u suck,p u sUUck
just you try you fag,just you try you f4g
is a fag,is a faggg
is a fag,is a FAGGG
sex is all that i want,$ex is all that i want
sex is all that i want,seeeex is all that i want
you are a herpes vagina,you are a herpes vaginaaaa
if you have no interest in the whole story then get the f out of here,iƒ you have no interest in the whole story then get the f out of here
if you have no interest in the whole story then get the f out of here,iffffff you have no interest in the whole story then get the f out of here
will live forever if you dont respect the you will die you pathetic fool,will live forever if you dont respect the you will die you pathetic Foll
will live forever if you dont respect the you will die you pathetic fool,will live forever if you dont respect the you will die you pathetic Fol
no i dont want to be ur friend bitch,no i dont want to be ur friend b!tch
no i dont want to be ur friend bitch,no i dont want to be ur friend Biitttch
suck it have a nice day,sµck it have a nice day
suck it have a nice day,$uck it have a nice day
why you so pig,why you so PIGGG
why you so pig,why you so p¡g
you cannot block me if you block me i will call you a dumbhead,you cannot block me if you block me i will call you a dumbheeeeead
you cannot block me if you block me i will call you a dumbhead,you cannot block me if you block me i will call you a dumbheaԁ
not that i care if you block me,not that i CARRE if you block me
not that i care if you block me,not that i car€ if you block me
now stop or i will get really really horny,now s+op or i will get really really horny
now stop or i will get really really horny,now stopppp or i will get really really horny
you really really suck,you really really ƽuck
you really really suck,you really really suuuck
and said he was going to kill me,and said he was going to k1ll me
and said he was going to kill me,and said he was going to Kil me
i hope you die of cancer,i hope you dieee of cancer
i hope you die of cancer,i hope you di€ of cancer
suck my penis also i left a message for you on my talk page might be in history,suckkkk my penis also i left a message for you on my talk page might be in history
suck my penis also i left a message for you on my talk page might be in history,succccck my penis also i left a message for you on my talk page might be in history
dont just strike incorrect information as you did in flash fiction delete it you moron,dont just strike incorrect information as you did in flash fiction delete it you m0ron
dont just strike incorrect information as you did in flash fiction delete it you moron,dont just strike incorrect information as you did in flash fiction delete it you Morn
what ever you do do not be gay,what ever you do do not be *ay
what ever you do do not be gay,what ever you do do not be g4y
this guy is such a loser,this guy is such a l0ser
this guy is such a loser,this guy is such a lllloser
why are you doing this are you some sort of sadist or troll,why are you doing this are you some sort of $adist or troll
why are you doing this are you some sort of sadist or troll,why are you doing this are you some sort of Saddist or troll
its not a song you cretin,its not a song you cre+in
its not a song you cretin,its not a song you cretinnnnnn
is a dick,is a DICCKKK
is a dick,is a DiCkkkk
dont i know to answer that why are you coming to my user page stupid,dont i know to answer that why are you coming to my user page stuuupidd
your way to kill the gore,your way to KIL the gore
your way to kill the gore,your way to k1ll the gore
excuse me you appear to be a moron leave that edit as it is if you keep threatening me you will be blocked,excuse me you appear to be a Morn leave that edit as it is if you keep threatening me you will be blocked
excuse me you appear to be a moron leave that edit as it is if you keep threatening me you will be blocked,excuse me you appear to be a morn leave that edit as it is if you keep threatening me you will be blocked
i am going to kill you i am going to murder you,i am going to Kil you i am going to murder you
i am going to kill you i am going to murder you,i am going to ki11 you i am going to murder you
supper you hungry bitch,supper you hungry b¡tch
supper you hungry bitch,supper you hungry b1tch
i hate lewis and clark,i hattie lewis and clark
i hate lewis and clark,i h4te lewis and clark
that you are a homosexual who is very gay,that you are a homosexual who is very 6ay
that you are a homosexual who is very gay,that you are a homosexual who is very Gayyyy
what does it matter if you are so gay,what does it matter if you are so g4y
what does it matter if you are so gay,what does it matter if you are so gaaaaay
also my mother is a prostitute,also my m0ther is a prostitute
also my mother is a prostitute,also my motheeer is a prostitute
the jungle baby your guna die,the jungle baby your guna dieee
the jungle baby your guna die,the jungle baby your guna ԁie
were not vandalism you idiot,were not vandalism you idioooot
were not vandalism you idiot,were not vandalism you idiotttt
why did you revert my damn edit,why did you revert my damη edit
stupid sit i will behead you,ƽtupid sit i will behead you
stupid sit i will behead you,stuuupidd sit i will behead you
page i can say what the hell i want,page i can say what the he11 i want
shove a sock down your throat and out your ass,shove a sock down your throat and out your assssssssssss
shove a sock down your throat and out your ass,shove a sock down your throat and out your a**
i guess so will you if you revert again bitch,i guess so will you if you revert again *itch
i guess so will you if you revert again bitch,i guess so will you if you revert again Biitttch
and i suck off my own dead father,and i svck off my own dead father
and i suck off my own dead father,and i suckkkk off my own dead father
first i will suck your,first i will suuuck your
first i will suck your,first i will suuck your
fag you are a,faag you are a
fag you are a,f4g you are a
why am i not aloud to put whatever i want on my user talk page thats pretty damn gay if you ask me,why am i not aloud to put whatever i want on my user talk page thats pretty damn gayyyy if you ask me
why am i not aloud to put whatever i want on my user talk page thats pretty damn gay if you ask me,why am i not aloud to put whatever i want on my user talk page thats pretty damn g@y if you ask me
i am a gigantic pedantic twat,i am a gigantic pedantic tw@t
i am a gigantic pedantic twat,i am a gigantic pedantic tωat
the final verdict now shut up,the final verdict now 5hut up
the final verdict now shut up,the final verdict now shu+ up
run and hide with censorship you dumb,run and hide with censorship you ԁumb
run and hide with censorship you dumb,run and hide with censorship you DUMBBBB
get off this site now,get off this s!te now
get off this site now,get off this s1te now
and thank you for confirming my diagnosis of your mental deficiency,and thaηk you for confirming my diagnosis of your mental deficiency
and thank you for confirming my diagnosis of your mental deficiency,and thaaannk you for confirming my diagnosis of your mental deficiency
dont post boiler plate crap,dont post boiler plate cr4p
dont post boiler plate crap,dont post boiler plate crp
dont be stupid then,dont be stuuupidd then
dont be stupid then,dont be s+upid then
it was very constructive you are just very very stupid,it was very constructive you are just very very Stuuupidd
it was very constructive you are just very very stupid,it was very constructive you are just very very STPD
who the hell are you go away,who the hellllllllllllll are you go away
who the hell are you go away,who the Helllll are you go away
are you suggesting that i should start ass kissing instead is that what will get me further,are you suggesting that i should start asssss kissing instead is that what will get me further
a silly fat cow who wont leave me alone,a silly fatt cow who wont leave me alone
a silly fat cow who wont leave me alone,a silly f4t cow who wont leave me alone
i did use the sandbox idiot,i did use the sandbox idioooot
i did use the sandbox idiot,i did use the sandbox iԁiot
i think you should ban that jackass forever,i think you should ban that jjjjjjackass forever
i think you should ban that jackass forever,i think you should ban that jacka$$ forever
well i need a way to dance so suck it,well i need a way to dance so $uck it
well i need a way to dance so suck it,well i need a way to dance so SUUCK it
hey idiot i said ill be more careful not to remove content,hey 1diot i said ill be more careful not to remove content
hey idiot i said ill be more careful not to remove content,hey idio+ i said ill be more careful not to remove content
stop being such a sissy,STOPPPP being such a sissy
stop being such a sissy,*top being such a sissy
why are you ugly and fat,why are you ugly and ffffffat
why are you ugly and fat,why are you ugly and fatt
your a peace of ass,your a peace of @ss
your a peace of ass,your a peace of 4ss
you will die in days,you will di€ in days
you will die in days,you will d!e in days
you have a sandy vagina,you have a sandy va6ina
you have a sandy vagina,you have a sandy vaginaaaa
piss off this is my talk page,pppppppiss off this is my talk page
piss off this is my talk page,piiiss off this is my talk page
ha all you proved was that you are a major jerk thanks for proving my point,ha all you proved was that you are a major j3rk thanks for proving my point
ha all you proved was that you are a major jerk thanks for proving my point,ha all you proved was that you are a major j*rk thanks for proving my point
are you stupid or what,are you Stuuupidd or what
are you stupid or what,are you stup1d or what
worst excuse for a human being ever you,wors+ excuse for a human being ever you
worst excuse for a human being ever you,w0rst excuse for a human being ever you
do it and i will cut you,do it and i will cµt you
do it and i will cut you,do it and i will cvt you
apart from making yourself look like an idiot,apart from making yourself look like an id¡ot
apart from making yourself look like an idiot,apart from making yourself look like an iԁiot
little late on the draw there fag,little late on the draw there faag
little late on the draw there fag,little late on the draw there fa6
ill attack you,1ll attack you
ill attack you,ill a++ack you
ill attack you,*ll attack you
user is an idiot,user is an idi0t
user is an idiot,user is an iԁiot
i am gay,i am 6ay
i am gay,i am gggggggay
i think you suck though,i think you suuck though
i think you suck though,i think you svck though
i have a valid reason stop being a bitch,i have a valid reason stop being a biiiitch
bitch fall into a damn river and drown,Biitttch fall into a damn river and drown
bitch fall into a damn river and drown,b¡tch fall into a damn river and drown
i can stick my huge penis in s ass,i can stick my huge penis in s asssss
i can stick my huge penis in s ass,i can stick my huge penis in s ASSSSS
die in a fire,di€ in a fire
die in a fire,di3 in a fire
you are a exclusionist i am a inclusionist shame on you,you are a exclusionist i am a inclusionist sham3 on you
you are a exclusionist i am a inclusionist shame on you,you are a exclusionist i am a inclusionist sh*me on you
the problem was not your use of mixed spelling which is trivial and easily fixed it was your being a dick you appear not to understand the problem hence i guess the sanction in which decision i took no part whatsoever guy,the problem was not your use of mixed spelling which is trivial and easily fixed it was your being a ԁick you appear not to understand the problem hence i guess the sanction in which decision i took no part whatsoever guy
the problem was not your use of mixed spelling which is trivial and easily fixed it was your being a dick you appear not to understand the problem hence i guess the sanction in which decision i took no part whatsoever guy,the problem was not your use of mixed spelling which is trivial and easily fixed it was your being a DICKKKK you appear not to understand the problem hence i guess the sanction in which decision i took no part whatsoever guy
she is such a whore,she is such a wh0re
she is such a whore,she is such a whre
it is a shame what people are here i am disgusting of you,it is a sh@me what people are here i am disgusting of you
it is a shame what people are here i am disgusting of you,it is a sham3 what people are here i am disgusting of you
should kill myself,should Kil myself
should kill myself,should k!ll myself
very well bitch i will be back later,very well biiiitch i will be back later
very well bitch i will be back later,very well BIIIITCH i will be back later
oh what do you think idiot,oh what do you think idio*
oh what do you think idiot,oh what do you think idioooot
dont patronize me jerk,dont patronize me j€rk
shove it up your a pro,ssshove it up your a pro
shove it up your a pro,sh0ve it up your a pro
of course its also possible that you are in fact a dick,of course its also possible that you are in fact a DIIIICK
of course its also possible that you are in fact a dick,of course its also possible that you are in fact a dickkkk
thats stupid it wasnt our fault some dumb people just did a bit of blanking there was nothing malicious this time should have been a shorter block,thats stpd it wasnt our fault some dumb people just did a bit of blanking there was nothing malicious this time should have been a shorter block
thats stupid it wasnt our fault some dumb people just did a bit of blanking there was nothing malicious this time should have been a shorter block,thats stuuupidd it wasnt our fault some dumb people just did a bit of blanking there was nothing malicious this time should have been a shorter block
i will not let you hump my anus,i will not let you hump my an*s
i will not let you hump my anus,i will not let you hump my anns
get a life,get a lifeeee
get a life,get a liiiife
i am gay,i am Gayyyy
i am gay,i am gayyyy
is gay because he is against anonymous,is g4y because he is against anonymous
is gay because he is against anonymous,is Gayyyy because he is against anonymous
i hate every and i mean every one on this site,i hattie every and i mean every one on this site
i hate every and i mean every one on this site,i hateeee every and i mean every one on this site
and decided to become gay,and decided to become 6ay
and decided to become gay,and decided to become gayyyy
you rate him as somewhat more authoritative than me but sorry to say i rate you as completely an idiot about this topic,you rate him as somewhat more authoritative than me but sorry to say i rate you as completely an idiotttt about this topic
you rate him as somewhat more authoritative than me but sorry to say i rate you as completely an idiot about this topic,you rate him as somewhat more authoritative than me but sorry to say i rate you as completely an idio+ about this topic
here is a giant vagina photograph,here is a giant vaginaaaa photograph
here is a giant vagina photograph,here is a giant vagiηa photograph
your dumb and it was so not nonsense you cant fight city hall all your base are belong to us,your DUMBBBB and it was so not nonsense you cant fight city hall all your base are belong to us
calm down calm down dont get a big dick,calm down calm down dont get a big dicckkk
calm down calm down dont get a big dick,calm down calm down dont get a big dickkk
you are way off prick,you are way off prck
you are way off prick,you are way off pr¡ck
go ahead and block me idiot,go ahead and block me idi0t
does anyone even know what the hell this song is about,does anyone even know what the he11 this song is about
my talk page why cant i blank my own talk page ass,my talk page why cant i blank my own talk page @ss
cant you at least have the common courtesy to answer my question or do you just want to be a jerk,cant you at least have the common courtesy to answer my question or do you just want to be a j€rk
cant you at least have the common courtesy to answer my question or do you just want to be a jerk,cant you at least have the common courtesy to answer my question or do you just want to be a j3rk
yeah well your just a dick,yeah well your just a d!ck
yeah well your just a dick,yeah well your just a DICKKKK
fag that cant get laid,fagggg that cant get laid
fag that cant get laid,f4g that cant get laid
and notice i am a dick,and notice i am a diiiick
and notice i am a dick,and notice i am a dickkkk
go and fist yourself you arrogant prick,go and fist yourself you arrogant p*ick
go and fist yourself you arrogant prick,go and fist yourself you arrogant prck
how is this racist,how is this racisssst
how is this racist,how is this r4cist
you are a retard get stuffed,you are a reeeetard get stuffed
you are a retard get stuffed,you are a ret@rd get stuffed
its my damn page and i can do what i want buzz off,its my damη page and i can do what i want buzz off
its my damn page and i can do what i want buzz off,its my d@mn page and i can do what i want buzz off
your ass can hold them quite easily,your @ss can hold them quite easily
your ass can hold them quite easily,your assssssssssssss can hold them quite easily
you really should stop sucking penis all the time,you really should 5top sucking penis all the time
you really should stop sucking penis all the time,you really should stopppp sucking penis all the time
that block didnt work you stupid cow,that block didnt work you stµpid cow
that block didnt work you stupid cow,that block didnt work you STPD cow
i think your cock needs protecting,i think your c0ck needs protecting
suck it again twerp,$uck it again twerp
suck it again twerp,ƽuck it again twerp
take the latter part of your advice then shove the rest of the message right up your ass,take the latter part of your advice then shove the rest of the message right up your @ss
take the latter part of your advice then shove the rest of the message right up your ass,take the latter part of your advice then shove the rest of the message right up your a55
you made a mistake you ass,you made a mistake you asssss
you made a mistake you ass,you made a mistake you assss
i didnt vandalize your user page idiot,i didnt vandalize your user page idioooot
you first you dont even know what is going on so shut up,you first you dont even know what is going on so shvt up
you first you dont even know what is going on so shut up,you first you dont even know what is going on so shuuutt up
you sound like an idiot,you sound like an idiotttt
you sound like an idiot,you sound like an idio+
he is a symbol of contentment hence he is content with being fat and bald,he is a symbol of contentment hence he is content with being f@t and bald
he is a symbol of contentment hence he is content with being fat and bald,he is a symbol of contentment hence he is content with being Fatt and bald
ill give you to let me cum on your face,ill give you to let me cummm on your face
ill give you to let me cum on your face,ill give you to let me cUmmm on your face
is a complete idiot,is a complete IDIOOOOT
is a complete idiot,is a complete idioooot
a here b is a loser,a here b is a los€r
a here b is a loser,a here b is a loosERR
i am going to kill you i am going to murder you,i am going to Kil you i am going to murder you
i am going to kill you i am going to murder you,i am going to ki11 you i am going to murder you
ban me no problem it is not my problem that you want to support the denial of my nation of my national feeling of my history and culture go ahead sell your cheap ass,ban me no problem it is not my problem that you want to support the denial of my nation of my national feeling of my history and culture go ahead sell your cheap aaaaaass
ban me no problem it is not my problem that you want to support the denial of my nation of my national feeling of my history and culture go ahead sell your cheap ass,ban me no problem it is not my problem that you want to support the denial of my nation of my national feeling of my history and culture go ahead sell your cheap @ss
and you go to hell,and you go to hellllllllllll
and you go to hell,and you go to he11
f yourself with your family,ƒ yourself with your family
i suggest you get some mental help,i suggest you get some menta* help
i suggest you get some mental help,i suggest you get some ment1 help
have fun in hell little,have fun in he11 little
have fun in hell little,have fun in hel little
why do you hate freedom,why do you hat€ freedom
why do you hate freedom,why do you hat3 freedom
suck your filthy erect penis,sssssuck your filthy erect penis
suck your filthy erect penis,sµck your filthy erect penis
this is my talk page bitch,this is my talk page b¡tch
this is my talk page bitch,this is my talk page Biitttch
oh really huh wow who knew that was half of wow thank you for that great math lesson not oh and one more thing your the idiot,oh really huh wow who knew that was half of wow thank you for that great math lesson not oh and one more thing your the idio+
oh really huh wow who knew that was half of wow thank you for that great math lesson not oh and one more thing your the idiot,oh really huh wow who knew that was half of wow thank you for that great math lesson not oh and one more thing your the 1diot
you want war you got it,you want w*r you got it
you want war you got it,you want w4r you got it
screw you i do what i want,scr€w you i do what i want
screw you i do what i want,screω you i do what i want
do you have to be such a dick to him have some manners will you,do you have to be such a DIIIICK to him have some manners will you
do you have to be such a dick to him have some manners will you,do you have to be such a dicckkk to him have some manners will you
herb for life bitch,herb for life BIIIITCH
herb for life bitch,herb for life b1tch
also my mother is a prostitute,also my moth3r is a prostitute
also my mother is a prostitute,also my moth€r is a prostitute
no there is no rule against it but its beyond obvious you are doing it to troll waste time and piss people off,no there is no rule against it but its beyond obvious you are doing it to troll waste time and PiS people off
no there is no rule against it but its beyond obvious you are doing it to troll waste time and piss people off,no there is no rule against it but its beyond obvious you are doing it to troll waste time and piƽƽ people off
sex in space sweet thanks for the education,SEEEX in space sweet thanks for the education
sex in space sweet thanks for the education,SeEeEx in space sweet thanks for the education
answer gay people like me,answer GAYYYY people like me
answer gay people like me,answer gayyyy people like me
obvious shill circle jerk,obvious shill circle j3rk
obvious shill circle jerk,obvious shill circle j€rk
i dont care,i dont c4re
i dont care,i dont careee
you stupid chap,you stvpid chap
you stupid chap,you stpd chap
what is wrong with you are you a racist or something,what is wrong with you are you a racccist or something
what is wrong with you are you a racist or something,what is wrong with you are you a r4cist or something
i reckon you should die,i reckon you should dieee
i reckon you should die,i reckon you should diiiiie
do you really think so weve all known this since forever you idiot,do you really think so weve all known this since forever you iԁiot
do you really think so weve all known this since forever you idiot,do you really think so weve all known this since forever you idiotttt
what kind of name is sunshine you are an idiot,what kind of name is sunshine you are an idio+
what kind of name is sunshine you are an idiot,what kind of name is sunshine you are an IDIOOOOT
look up august then tell me what day it is stupid,look up august then tell me what day it is STPD
look up august then tell me what day it is stupid,look up august then tell me what day it is stupiԁ
you are such a nigger,you are such a Niger
you are such a nigger,you are such a ηigger
fag,faag
fag,fa6
same time and then made fun of my little dick,same time and then made fun of my little d¡ck
i am glen and i love being a fag,i am glen and i love being a fagggg
come on fag report me,come on fa6 report me
come on fag report me,come on f@g report me
this is like trying to say that the word niggardly is offensive get over yourself and stop trying to mistranslate to make some racist point,this is like trying to say that the word niggardly is offensive get over yourself and stop trying to mistranslate to make some raci$t point
this is like trying to say that the word niggardly is offensive get over yourself and stop trying to mistranslate to make some racist point,this is like trying to say that the word niggardly is offensive get over yourself and stop trying to mistranslate to make some r@cist point
that was really stupid were you trying to sound cool just now,that was really stuuupidd were you trying to sound cool just now
that was really stupid were you trying to sound cool just now,that was really stuuupid were you trying to sound cool just now
shut up me no do anything,shµt up me no do anything
shut up me no do anything,shuuutt up me no do anything
you dirty old bastard,you dirty old ba$tard
you dirty old bastard,you dirty old bastarԁ
i suggest you kill yourself,i suggest you ki11 yourself
i suggest you kill yourself,i suggest you k!ll yourself
it is worth feeding people like you just to shut your trap,it is worth feeding people like you just to shuuutt your trap
it is worth feeding people like you just to shut your trap,it is worth feeding people like you just to shu+ your trap
but what if you are a fascist,but what if you are a fasciƽt
but what if you are a fascist,but what if you are a fasc1st
hey you are the worst,hey you are the w0rst
hey you are the worst,hey you are the worsttt
are you an idiot who doesnt understand if it doesnt explain separately foolishness disappearing,are you an id1ot who doesnt understand if it doesnt explain separately foolishness disappearing
are you an idiot who doesnt understand if it doesnt explain separately foolishness disappearing,are you an ¡diot who doesnt understand if it doesnt explain separately foolishness disappearing
this site is stupid dont trust it,this site is stupiԁ dont trust it
you can suck a,you can suckkkk a
you can suck a,you can suuuck a
really when it is so difficult to get a new one wow you are a pencil dick,really when it is so difficult to get a new one wow you are a pencil d!ck
really when it is so difficult to get a new one wow you are a pencil dick,really when it is so difficult to get a new one wow you are a pencil diiiick
was that the jerk who also blocked me,was that the j3rk who also blocked me
no you were trying to sound cool but ended up sounding like a retard,no you were trying to sound cool but ended up sounding like a reeeetard
no you were trying to sound cool but ended up sounding like a retard,no you were trying to sound cool but ended up sounding like a re+ard
silly little boy my ass,silly little boy my AS
silly little boy my ass,silly little boy my assss
its joke what the hell test,its joke what the he11 test
its joke what the hell test,its joke what the HELLLLL test
not me doing the shocker bitch,not me doing the shocker BIIIITCH
not me doing the shocker bitch,not me doing the shocker bitttttch
nothing personal rod but you really are a stupid turd,nothing personal rod but you really are a stupidddddd turd
nothing personal rod but you really are a stupid turd,nothing personal rod but you really are a stupiԁ turd
are you gay or are you just trying real hard,are you Gayyyy or are you just trying real hard
are you gay or are you just trying real hard,are you g@y or are you just trying real hard
to be driven away and die,to be driven away and ԁie
to be driven away and die,to be driven away and d!e
i can call people whatever i like idiot this is my life i do what i want,i can call people whatever i like iԁiot this is my life i do what i want
i can call people whatever i like idiot this is my life i do what i want,i can call people whatever i like ¡diot this is my life i do what i want
you pig sucker see whats coming your way now,you pi6 sucker see whats coming your way now
last chance you dick,last chance you DICKKKK
if you have any actual evidence show it you claim something found on may i can find no links that back you up either come up with evidence or go away you trolling little tea retard,if you have any actual evidence show it you claim something found on may i can find no links that back you up either come up with evidence or go away you trolling little tea re+ard
if you have any actual evidence show it you claim something found on may i can find no links that back you up either come up with evidence or go away you trolling little tea retard,if you have any actual evidence show it you claim something found on may i can find no links that back you up either come up with evidence or go away you trolling little tea retarԁ
what a load of crap you write,what a load of CRAPPP you write
what a load of crap you write,what a load of crp you write
ask your mother,ask your mo+her
ask your mother,ask your m0ther
what are you deaf cant you hear,what are you DEF cant you hear
what are you deaf cant you hear,what are you de4f cant you hear
also i said unless you suck,also i said unless you suckkkk
also i said unless you suck,also i said unless you svck
will live forever if you dont respect the you will die you pathetic fool,will live forever if you dont respect the you will die you pathetic fooooooool
will live forever if you dont respect the you will die you pathetic fool,will live forever if you dont respect the you will die you pathetic fooooooooool
dont show me attitude i give u standing ovation of my middle finger,dont show me attitµde i give u standing ovation of my middle finger
dont show me attitude i give u standing ovation of my middle finger,dont show me attituuuude i give u standing ovation of my middle finger
you are an idiot and you cant block anyone,you are an idioooot and you cant block anyone
you are an idiot and you cant block anyone,you are an iԁiot and you cant block anyone
you are full of rubbish,you are full of rvbbish
you are full of rubbish,you are full of rubbi$h
come on man dont be a,come on mannnnn dont be a
come on man dont be a,come on maη dont be a
you really have a inflated sense of self keep living in your delusional world you are predictable and funny as hell,you really have a inflated sense of self keep living in your delusional world you are predictable and funny as helllll
you really have a inflated sense of self keep living in your delusional world you are predictable and funny as hell,you really have a inflated sense of self keep living in your delusional world you are predictable and funny as he11
you slut leave me alone,you sluttt leave me alone
you slut leave me alone,you s1ut leave me alone
plan that will kill millions of innocent people,plan that will ki11 millions of innocent people
plan that will kill millions of innocent people,plan that will k1ll millions of innocent people
show some gratitude bitch,show some gratitude Biitttch
show some gratitude bitch,show some gratitude BIIIITCH
i am also a trout slapping dick,i am also a trout slapping DIIIICK
i am also a trout slapping dick,i am also a trout slapping ԁick
bind torture kill thats my philosophy,bind torture ki11 thats my philosophy
bind torture kill thats my philosophy,bind torture KIL thats my philosophy
the world is better off without someone that is so defective natural selection is a bitch i guess our only hope is that you will follow her down a similar path,the world is better off without someone that is so defective natural selection is a BIIIITCH i guess our only hope is that you will follow her down a similar path
the world is better off without someone that is so defective natural selection is a bitch i guess our only hope is that you will follow her down a similar path,the world is better off without someone that is so defective natural selection is a Biitttch i guess our only hope is that you will follow her down a similar path
give me one reason to listen to a moron like you,give me one reason to listen to a morn like you
give me one reason to listen to a moron like you,give me one reason to listen to a m0ron like you
priceless i hate that guy,priceless i HATTE that guy
priceless i hate that guy,priceless i hattie that guy
too many people belive that crap,too many people belive that cr4p
too many people belive that crap,too many people belive that crp
read the source idiot,read the source IDIOOOOT
read the source idiot,read the source idi0t
on how crap you talk,on how cr@p you talk
the stupid one not me,the stupiԁ one not me
the stupid one not me,the Stuuupidd one not me
this page is about random crap talk just edit it already,this page is about random crp talk just edit it already
this page is about random crap talk just edit it already,this page is about random craaaaap talk just edit it already
oh i dont think they are going to get any less stupid any time soon,oh i dont think they are going to get any less stpd any time soon
oh i dont think they are going to get any less stupid any time soon,oh i dont think they are going to get any less stup!d any time soon
those who put it in my ass,those who put it in my aS
those who put it in my ass,those who put it in my ASSSSS
ignore this nut case,ignore this nut cas€
ignore this nut case,ignore this nut ca$e
anal leakage ban hammer,an@l leakage ban hammer
anal leakage ban hammer,Anl leakage ban hammer
all of you can suck it,all of you can s*ck it
all of you can suck it,all of you can svck it
ye that me fake scholar,ye that me ƒake scholar
ye that me fake scholar,ye that me fakeeee scholar
f you you idiot you are probably just jealous of me you cant add and i will make you sorry,f you you idioooot you are probably just jealous of me you cant add and i will make you sorry
f you you idiot you are probably just jealous of me you cant add and i will make you sorry,f you you IDIOOOOT you are probably just jealous of me you cant add and i will make you sorry
you must be a sock your request was your only edit,you must be a 5ock your request was your only edit
you must be a sock your request was your only edit,you must be a $ock your request was your only edit
then wrote this stupid comment,then wrote this STPD comment
then wrote this stupid comment,then wrote this s+upid comment
go down you peace of crap,go down you peace of cr@p
go down you peace of crap,go down you peace of CRAPPP
mate dont piss me off you are driving me insane go away,mate dont PIS me off you are driving me insane go away
mate dont piss me off you are driving me insane go away,mate dont PIs me off you are driving me insane go away
the hell i care,the h3ll i care
the hell i care,the he11 i care
shut up you button,shuuutt up you button
public interest crap,public interest ccccccrap
public interest crap,public interest cr@p
